Param Val,ticks,fibrosis-score,alv-count,final-thy1n,final-thy1p,Setup Commands
1.4,1095.0,3.0,0.9332102185287781,150.0,0.0,"[90, 10, 50, 50, 1, 0.1, 700, 166.8, 1.4]"
1.4,1095.0,1.0,0.07345754428833232,0.0,150.0,"[90, 10, 50, 50, 1, 0.1, 700, 166.8, 1.4]"
1.4,1095.0,1.0,0.10895179801071156,0.0,150.0,"[90, 10, 50, 50, 1, 0.1, 700, 166.8, 1.4]"
1.4,1095.0,2.0,0.23291023092215934,47.0,103.0,"[90, 10, 50, 50, 1, 0.1, 700, 166.8, 1.4]"
1.4,1095.0,1.0,0.031187891759669774,0.0,150.0,"[90, 10, 50, 50, 1, 0.1, 700, 166.8, 1.4]"
1.4,1095.0,1.0,0.13391224862888482,0.0,150.0,"[90, 10, 50, 50, 1, 0.1, 700, 166.8, 1.4]"
1.4,1095.0,1.0,0.041393004429509696,0.0,150.0,"[90, 10, 50, 50, 1, 0.1, 700, 166.8, 1.4]"
1.4,1095.0,1.0,0.028667276608722172,0.0,150.0,"[90, 10, 50, 50, 1, 0.1, 700, 166.8, 1.4]"
1.4,1095.0,1.0,0.1388336139598959,0.0,150.0,"[90, 10, 50, 50, 1, 0.1, 700, 166.8, 1.4]"
1.4,1095.0,1.0,0.07345065034429993,0.0,150.0,"[90, 10, 50, 50, 1, 0.1, 700, 166.8, 1.4]"
1.4,1095.0,1.0,0.1026853829722307,0.0,150.0,"[90, 10, 50, 50, 1, 0.1, 700, 166.8, 1.4]"
1.4,1095.0,1.0,0.10690184049079754,0.0,150.0,"[90, 10, 50, 50, 1, 0.1, 700, 166.8, 1.4]"
1.4,1095.0,1.0,0.1561928004881025,0.0,150.0,"[90, 10, 50, 50, 1, 0.1, 700, 166.8, 1.4]"
1.4,1095.0,1.0,0.07500763825236786,0.0,150.0,"[90, 10, 50, 50, 1, 0.1, 700, 166.8, 1.4]"
1.4,1095.0,1.0,0.037496173859810224,0.0,150.0,"[90, 10, 50, 50, 1, 0.1, 700, 166.8, 1.4]"
1.4,1095.0,1.0,0.027782041442824253,0.0,150.0,"[90, 10, 50, 50, 1, 0.1, 700, 166.8, 1.4]"
1.4,1095.0,2.0,0.31582964432911004,3.0,147.0,"[90, 10, 50, 50, 1, 0.1, 700, 166.8, 1.4]"
1.4,1095.0,2.0,0.592428636849336,28.0,122.0,"[90, 10, 50, 50, 1, 0.1, 700, 166.8, 1.4]"
1.4,1095.0,1.0,0.07513032812020852,0.0,150.0,"[90, 10, 50, 50, 1, 0.1, 700, 166.8, 1.4]"
1.4,1095.0,1.0,0.05979760809567617,0.0,150.0,"[90, 10, 50, 50, 1, 0.1, 700, 166.8, 1.4]"
1.4,1095.0,2.0,0.6916346891788181,81.0,69.0,"[90, 10, 50, 50, 1, 0.1, 700, 166.8, 1.4]"
1.4,1095.0,2.0,0.5532435740514076,79.0,71.0,"[90, 10, 50, 50, 1, 0.1, 700, 166.8, 1.4]"
1.4,1095.0,1.0,0.037348844328792284,0.0,150.0,"[90, 10, 50, 50, 1, 0.1, 700, 166.8, 1.4]"
1.4,1095.0,2.0,0.38303420770056756,36.0,114.0,"[90, 10, 50, 50, 1, 0.1, 700, 166.8, 1.4]"
1.4,1095.0,2.0,0.3588370313695486,19.0,131.0,"[90, 10, 50, 50, 1, 0.1, 700, 166.8, 1.4]"
1.4,1095.0,2.0,0.37343702348276914,23.0,127.0,"[90, 10, 50, 50, 1, 0.1, 700, 166.8, 1.4]"
1.4,1095.0,1.0,0.20545648529187624,6.0,144.0,"[90, 10, 50, 50, 1, 0.1, 700, 166.8, 1.4]"
1.4,1095.0,1.0,0.06514408338442673,0.0,150.0,"[90, 10, 50, 50, 1, 0.1, 700, 166.8, 1.4]"
1.4,1095.0,2.0,0.2110414436458174,0.0,150.0,"[90, 10, 50, 50, 1, 0.1, 700, 166.8, 1.4]"
1.4,1095.0,1.0,0.1620795107033639,0.0,150.0,"[90, 10, 50, 50, 1, 0.1, 700, 166.8, 1.4]"
1.4,1095.0,2.0,0.6506208799632072,26.0,124.0,"[90, 10, 50, 50, 1, 0.1, 700, 166.8, 1.4]"
1.4,1095.0,1.0,0.08841556849524977,0.0,150.0,"[90, 10, 50, 50, 1, 0.1, 700, 166.8, 1.4]"
1.4,1095.0,2.0,0.42079585302637595,19.0,131.0,"[90, 10, 50, 50, 1, 0.1, 700, 166.8, 1.4]"
1.4,1095.0,1.0,0.0632192726714746,0.0,150.0,"[90, 10, 50, 50, 1, 0.1, 700, 166.8, 1.4]"
1.4,1095.0,2.0,0.3244485294117647,23.0,127.0,"[90, 10, 50, 50, 1, 0.1, 700, 166.8, 1.4]"
1.4,1095.0,2.0,0.3629143118985795,45.0,105.0,"[90, 10, 50, 50, 1, 0.1, 700, 166.8, 1.4]"
3.499,1095.0,1.0,0.17146797425681887,0.0,150.0,"[90, 10, 50, 50, 1, 0.1, 700, 166.8, 3.499]"
3.499,1095.0,2.0,0.24682089780910066,0.0,150.0,"[90, 10, 50, 50, 1, 0.1, 700, 166.8, 3.499]"
3.499,1095.0,2.0,0.5999082709065892,86.0,64.0,"[90, 10, 50, 50, 1, 0.1, 700, 166.8, 3.499]"
3.499,1095.0,1.0,0.11600183402109124,0.0,150.0,"[90, 10, 50, 50, 1, 0.1, 700, 166.8, 3.499]"
3.499,1095.0,2.0,0.417729297895222,56.0,94.0,"[90, 10, 50, 50, 1, 0.1, 700, 166.8, 3.499]"
3.499,1095.0,1.0,0.1602446483180428,0.0,150.0,"[90, 10, 50, 50, 1, 0.1, 700, 166.8, 3.499]"
3.499,1095.0,2.0,0.44328151454517467,13.0,137.0,"[90, 10, 50, 50, 1, 0.1, 700, 166.8, 3.499]"
3.499,1095.0,1.0,0.06737099984688409,0.0,150.0,"[90, 10, 50, 50, 1, 0.1, 700, 166.8, 3.499]"
3.499,1095.0,1.0,0.10689707906407708,0.0,150.0,"[90, 10, 50, 50, 1, 0.1, 700, 166.8, 3.499]"
3.499,1095.0,1.0,0.11031211750305997,0.0,150.0,"[90, 10, 50, 50, 1, 0.1, 700, 166.8, 3.499]"
3.499,1095.0,2.0,0.2946660553263029,7.0,143.0,"[90, 10, 50, 50, 1, 0.1, 700, 166.8, 3.499]"
3.499,1095.0,2.0,0.2060393472624676,4.0,146.0,"[90, 10, 50, 50, 1, 0.1, 700, 166.8, 3.499]"
3.499,1095.0,1.0,0.04805035308566165,0.0,150.0,"[90, 10, 50, 50, 1, 0.1, 700, 166.8, 3.499]"
3.499,1095.0,1.0,0.08011732016054338,0.0,150.0,"[90, 10, 50, 50, 1, 0.1, 700, 166.8, 3.499]"
3.499,1095.0,1.0,0.1742074484456756,0.0,150.0,"[90, 10, 50, 50, 1, 0.1, 700, 166.8, 3.499]"
3.499,1095.0,2.0,0.30818767249310025,69.0,81.0,"[90, 10, 50, 50, 1, 0.1, 700, 166.8, 3.499]"
3.499,1095.0,1.0,0.09658040665434381,0.0,150.0,"[90, 10, 50, 50, 1, 0.1, 700, 166.8, 3.499]"
3.499,1095.0,1.0,0.22787136294027566,0.0,150.0,"[90, 10, 50, 50, 1, 0.1, 700, 166.8, 3.499]"
3.499,1095.0,2.0,0.35272504592774034,35.0,115.0,"[90, 10, 50, 50, 1, 0.1, 700, 166.8, 3.499]"
3.499,1095.0,1.0,0.18187357197258186,0.0,150.0,"[90, 10, 50, 50, 1, 0.1, 700, 166.8, 3.499]"
3.499,1095.0,2.0,0.5552347667527732,43.0,107.0,"[90, 10, 50, 50, 1, 0.1, 700, 166.8, 3.499]"
3.499,1095.0,2.0,0.24228536510846319,19.0,131.0,"[90, 10, 50, 50, 1, 0.1, 700, 166.8, 3.499]"
3.499,1095.0,2.0,0.33005833589192507,57.0,93.0,"[90, 10, 50, 50, 1, 0.1, 700, 166.8, 3.499]"
3.499,1095.0,1.0,0.03484107579462103,0.0,150.0,"[90, 10, 50, 50, 1, 0.1, 700, 166.8, 3.499]"
3.499,1095.0,1.0,0.0397239263803681,0.0,150.0,"[90, 10, 50, 50, 1, 0.1, 700, 166.8, 3.499]"
3.499,1095.0,1.0,0.10548071034905082,0.0,150.0,"[90, 10, 50, 50, 1, 0.1, 700, 166.8, 3.499]"
3.499,1095.0,1.0,0.19215506715506717,0.0,150.0,"[90, 10, 50, 50, 1, 0.1, 700, 166.8, 3.499]"
3.499,1095.0,1.0,0.1334560515416475,0.0,150.0,"[90, 10, 50, 50, 1, 0.1, 700, 166.8, 3.499]"
3.499,1095.0,1.0,0.03879047037263286,0.0,150.0,"[90, 10, 50, 50, 1, 0.1, 700, 166.8, 3.499]"
3.499,1095.0,2.0,0.2950068712780577,2.0,148.0,"[90, 10, 50, 50, 1, 0.1, 700, 166.8, 3.499]"
3.499,1095.0,1.0,0.1628689402049243,0.0,150.0,"[90, 10, 50, 50, 1, 0.1, 700, 166.8, 3.499]"
3.499,1095.0,1.0,0.12080024434941967,0.0,150.0,"[90, 10, 50, 50, 1, 0.1, 700, 166.8, 3.499]"
3.499,1095.0,1.0,0.05009928211394532,0.0,150.0,"[90, 10, 50, 50, 1, 0.1, 700, 166.8, 3.499]"
3.499,1095.0,2.0,0.25019210081450743,23.0,127.0,"[90, 10, 50, 50, 1, 0.1, 700, 166.8, 3.499]"
3.499,1095.0,2.0,0.2373869038491029,9.0,141.0,"[90, 10, 50, 50, 1, 0.1, 700, 166.8, 3.499]"
3.499,1095.0,1.0,0.09681859895992659,0.0,150.0,"[90, 10, 50, 50, 1, 0.1, 700, 166.8, 3.499]"
2.261,1095.0,2.0,0.44189952664528936,55.0,95.0,"[90, 10, 50, 50, 1, 0.1, 700, 166.8, 2.261]"
2.261,1095.0,1.0,0.13628698451632684,0.0,150.0,"[90, 10, 50, 50, 1, 0.1, 700, 166.8, 2.261]"
2.261,1095.0,2.0,0.2106392764065614,72.0,78.0,"[90, 10, 50, 50, 1, 0.1, 700, 166.8, 2.261]"
2.261,1095.0,2.0,0.21145038167938932,0.0,150.0,"[90, 10, 50, 50, 1, 0.1, 700, 166.8, 2.261]"
2.261,1095.0,2.0,0.3187452180566182,24.0,126.0,"[90, 10, 50, 50, 1, 0.1, 700, 166.8, 2.261]"
2.261,1095.0,1.0,0.042745518614983914,0.0,150.0,"[90, 10, 50, 50, 1, 0.1, 700, 166.8, 2.261]"
2.261,1095.0,1.0,0.03425076452599388,0.0,150.0,"[90, 10, 50, 50, 1, 0.1, 700, 166.8, 2.261]"
2.261,1095.0,1.0,0.02299202942979767,0.0,150.0,"[90, 10, 50, 50, 1, 0.1, 700, 166.8, 2.261]"
2.261,1095.0,1.0,0.07395448954489545,0.0,150.0,"[90, 10, 50, 50, 1, 0.1, 700, 166.8, 2.261]"
2.261,1095.0,1.0,0.04771371769383698,0.0,150.0,"[90, 10, 50, 50, 1, 0.1, 700, 166.8, 2.261]"
2.261,1095.0,1.0,0.11773723746742297,0.0,150.0,"[90, 10, 50, 50, 1, 0.1, 700, 166.8, 2.261]"
2.261,1095.0,1.0,0.2022092666462105,0.0,150.0,"[90, 10, 50, 50, 1, 0.1, 700, 166.8, 2.261]"
2.261,1095.0,1.0,0.047955733169382106,0.0,150.0,"[90, 10, 50, 50, 1, 0.1, 700, 166.8, 2.261]"
2.261,1095.0,2.0,0.379746835443038,40.0,110.0,"[90, 10, 50, 50, 1, 0.1, 700, 166.8, 2.261]"
2.261,1095.0,1.0,0.1388336139598959,0.0,150.0,"[90, 10, 50, 50, 1, 0.1, 700, 166.8, 2.261]"
2.261,1095.0,2.0,0.2891750996626802,0.0,150.0,"[90, 10, 50, 50, 1, 0.1, 700, 166.8, 2.261]"
2.261,1095.0,2.0,0.4561938138046625,1.0,149.0,"[90, 10, 50, 50, 1, 0.1, 700, 166.8, 2.261]"
2.261,1095.0,1.0,0.09806629834254144,0.0,150.0,"[90, 10, 50, 50, 1, 0.1, 700, 166.8, 2.261]"
2.261,1095.0,2.0,0.24650805832693784,2.0,148.0,"[90, 10, 50, 50, 1, 0.1, 700, 166.8, 2.261]"
2.261,1095.0,1.0,0.07612350963008255,0.0,150.0,"[90, 10, 50, 50, 1, 0.1, 700, 166.8, 2.261]"
2.261,1095.0,2.0,0.45765820849892996,5.0,145.0,"[90, 10, 50, 50, 1, 0.1, 700, 166.8, 2.261]"
2.261,1095.0,2.0,0.42652715802431146,0.0,150.0,"[90, 10, 50, 50, 1, 0.1, 700, 166.8, 2.261]"
2.261,1095.0,1.0,0.17909992372234934,3.0,147.0,"[90, 10, 50, 50, 1, 0.1, 700, 166.8, 2.261]"
2.261,1095.0,1.0,0.10559290953545232,0.0,150.0,"[90, 10, 50, 50, 1, 0.1, 700, 166.8, 2.261]"
2.261,1095.0,2.0,0.30962215083371575,0.0,150.0,"[90, 10, 50, 50, 1, 0.1, 700, 166.8, 2.261]"
2.261,1095.0,2.0,0.3238532110091743,0.0,150.0,"[90, 10, 50, 50, 1, 0.1, 700, 166.8, 2.261]"
2.261,1095.0,1.0,0.06087885260909368,0.0,150.0,"[90, 10, 50, 50, 1, 0.1, 700, 166.8, 2.261]"
2.261,1095.0,1.0,0.11029524246596298,0.0,150.0,"[90, 10, 50, 50, 1, 0.1, 700, 166.8, 2.261]"
2.261,1095.0,1.0,0.2,0.0,150.0,"[90, 10, 50, 50, 1, 0.1, 700, 166.8, 2.261]"
2.261,1095.0,1.0,0.0662797800855223,0.0,150.0,"[90, 10, 50, 50, 1, 0.1, 700, 166.8, 2.261]"
2.261,1095.0,1.0,0.06830015313935682,0.0,150.0,"[90, 10, 50, 50, 1, 0.1, 700, 166.8, 2.261]"
2.261,1095.0,2.0,0.6227050183598531,49.0,101.0,"[90, 10, 50, 50, 1, 0.1, 700, 166.8, 2.261]"
2.261,1095.0,1.0,0.05024509803921569,0.0,150.0,"[90, 10, 50, 50, 1, 0.1, 700, 166.8, 2.261]"
2.261,1095.0,2.0,0.35310429825912804,16.0,134.0,"[90, 10, 50, 50, 1, 0.1, 700, 166.8, 2.261]"
2.261,1095.0,1.0,0.04387708301482954,0.0,150.0,"[90, 10, 50, 50, 1, 0.1, 700, 166.8, 2.261]"
2.261,1095.0,1.0,0.21200549870169544,7.0,143.0,"[90, 10, 50, 50, 1, 0.1, 700, 166.8, 2.261]"
1.984,1095.0,1.0,0.10036663611365719,0.0,150.0,"[90, 10, 50, 50, 1, 0.1, 700, 166.8, 1.984]"
1.984,1095.0,1.0,0.03551114527286703,0.0,150.0,"[90, 10, 50, 50, 1, 0.1, 700, 166.8, 1.984]"
1.984,1095.0,2.0,0.32300212701306596,69.0,81.0,"[90, 10, 50, 50, 1, 0.1, 700, 166.8, 1.984]"
1.984,1095.0,1.0,0.16334661354581673,0.0,150.0,"[90, 10, 50, 50, 1, 0.1, 700, 166.8, 1.984]"
1.984,1095.0,1.0,0.07818041634541249,0.0,150.0,"[90, 10, 50, 50, 1, 0.1, 700, 166.8, 1.984]"
1.984,1095.0,1.0,0.1156733568254941,0.0,150.0,"[90, 10, 50, 50, 1, 0.1, 700, 166.8, 1.984]"
1.984,1095.0,1.0,0.05586249232658073,0.0,150.0,"[90, 10, 50, 50, 1, 0.1, 700, 166.8, 1.984]"
1.984,1095.0,1.0,0.15201827875095203,0.0,150.0,"[90, 10, 50, 50, 1, 0.1, 700, 166.8, 1.984]"
1.984,1095.0,1.0,0.1809933876672305,6.0,144.0,"[90, 10, 50, 50, 1, 0.1, 700, 166.8, 1.984]"
1.984,1095.0,1.0,0.07977338845506048,0.0,150.0,"[90, 10, 50, 50, 1, 0.1, 700, 166.8, 1.984]"
1.984,1095.0,1.0,0.15946691176470587,0.0,150.0,"[90, 10, 50, 50, 1, 0.1, 700, 166.8, 1.984]"
1.984,1095.0,1.0,0.066768525592055,0.0,150.0,"[90, 10, 50, 50, 1, 0.1, 700, 166.8, 1.984]"
1.984,1095.0,2.0,0.3145049884881044,65.0,85.0,"[90, 10, 50, 50, 1, 0.1, 700, 166.8, 1.984]"
1.984,1095.0,2.0,0.48672294704528013,68.0,82.0,"[90, 10, 50, 50, 1, 0.1, 700, 166.8, 1.984]"
1.984,1095.0,1.0,0.16666666666666666,0.0,150.0,"[90, 10, 50, 50, 1, 0.1, 700, 166.8, 1.984]"
1.984,1095.0,1.0,0.14369320807022948,0.0,150.0,"[90, 10, 50, 50, 1, 0.1, 700, 166.8, 1.984]"
1.984,1095.0,1.0,0.15859434682964094,0.0,150.0,"[90, 10, 50, 50, 1, 0.1, 700, 166.8, 1.984]"
1.984,1095.0,1.0,0.026993865030674847,0.0,150.0,"[90, 10, 50, 50, 1, 0.1, 700, 166.8, 1.984]"
1.984,1095.0,1.0,0.04477611940298507,0.0,150.0,"[90, 10, 50, 50, 1, 0.1, 700, 166.8, 1.984]"
1.984,1095.0,2.0,0.3316405047706987,43.0,107.0,"[90, 10, 50, 50, 1, 0.1, 700, 166.8, 1.984]"
1.984,1095.0,2.0,0.43367581659254717,92.0,58.0,"[90, 10, 50, 50, 1, 0.1, 700, 166.8, 1.984]"
1.984,1095.0,1.0,0.028309104820198928,0.0,150.0,"[90, 10, 50, 50, 1, 0.1, 700, 166.8, 1.984]"
1.984,1095.0,1.0,0.10180649112063686,0.0,150.0,"[90, 10, 50, 50, 1, 0.1, 700, 166.8, 1.984]"
1.984,1095.0,2.0,0.3786215309545593,18.0,132.0,"[90, 10, 50, 50, 1, 0.1, 700, 166.8, 1.984]"
1.984,1095.0,1.0,0.05941962229387379,0.0,150.0,"[90, 10, 50, 50, 1, 0.1, 700, 166.8, 1.984]"
1.984,1095.0,2.0,0.3452490070271922,40.0,110.0,"[90, 10, 50, 50, 1, 0.1, 700, 166.8, 1.984]"
1.984,1095.0,1.0,0.21953089069446574,30.0,120.0,"[90, 10, 50, 50, 1, 0.1, 700, 166.8, 1.984]"
1.984,1095.0,1.0,0.1612755569118096,0.0,150.0,"[90, 10, 50, 50, 1, 0.1, 700, 166.8, 1.984]"
1.984,1095.0,1.0,0.1760184473481937,1.0,149.0,"[90, 10, 50, 50, 1, 0.1, 700, 166.8, 1.984]"
1.984,1095.0,1.0,0.09302681992337165,3.0,147.0,"[90, 10, 50, 50, 1, 0.1, 700, 166.8, 1.984]"
1.984,1095.0,1.0,0.07278529098921137,0.0,150.0,"[90, 10, 50, 50, 1, 0.1, 700, 166.8, 1.984]"
1.984,1095.0,1.0,0.17007534983853606,0.0,150.0,"[90, 10, 50, 50, 1, 0.1, 700, 166.8, 1.984]"
1.984,1095.0,2.0,0.3378316209170373,32.0,118.0,"[90, 10, 50, 50, 1, 0.1, 700, 166.8, 1.984]"
1.984,1095.0,1.0,0.08823529411764706,0.0,150.0,"[90, 10, 50, 50, 1, 0.1, 700, 166.8, 1.984]"
1.984,1095.0,1.0,0.041295670862757136,0.0,150.0,"[90, 10, 50, 50, 1, 0.1, 700, 166.8, 1.984]"
1.984,1095.0,1.0,0.07777097366809553,0.0,150.0,"[90, 10, 50, 50, 1, 0.1, 700, 166.8, 1.984]"
0.449,1095.0,2.0,0.49472234970169804,87.0,63.0,"[90, 10, 50, 50, 1, 0.1, 700, 166.8, 0.449]"
0.449,1095.0,1.0,0.08334607738186267,0.0,150.0,"[90, 10, 50, 50, 1, 0.1, 700, 166.8, 0.449]"
0.449,1095.0,1.0,0.08697660098522167,0.0,150.0,"[90, 10, 50, 50, 1, 0.1, 700, 166.8, 0.449]"
0.449,1095.0,1.0,0.017251908396946566,0.0,150.0,"[90, 10, 50, 50, 1, 0.1, 700, 166.8, 0.449]"
0.449,1095.0,1.0,0.08779739063699156,0.0,150.0,"[90, 10, 50, 50, 1, 0.1, 700, 166.8, 0.449]"
0.449,1095.0,1.0,0.18162261831591886,0.0,150.0,"[90, 10, 50, 50, 1, 0.1, 700, 166.8, 0.449]"
0.449,1095.0,1.0,0.07104413347685684,0.0,150.0,"[90, 10, 50, 50, 1, 0.1, 700, 166.8, 0.449]"
0.449,1095.0,1.0,0.10538426138978371,0.0,150.0,"[90, 10, 50, 50, 1, 0.1, 700, 166.8, 0.449]"
0.449,1095.0,1.0,0.16909397516480149,0.0,150.0,"[90, 10, 50, 50, 1, 0.1, 700, 166.8, 0.449]"
0.449,1095.0,2.0,0.25053763440860216,30.0,120.0,"[90, 10, 50, 50, 1, 0.1, 700, 166.8, 0.449]"
0.449,1095.0,1.0,0.03118758641880473,0.0,150.0,"[90, 10, 50, 50, 1, 0.1, 700, 166.8, 0.449]"
0.449,1095.0,1.0,0.1824334717735733,0.0,150.0,"[90, 10, 50, 50, 1, 0.1, 700, 166.8, 0.449]"
0.449,1095.0,1.0,0.12327295056800737,0.0,150.0,"[90, 10, 50, 50, 1, 0.1, 700, 166.8, 0.449]"
0.449,1095.0,1.0,0.02635186595582635,0.0,150.0,"[90, 10, 50, 50, 1, 0.1, 700, 166.8, 0.449]"
0.449,1095.0,1.0,0.07444206664628554,0.0,150.0,"[90, 10, 50, 50, 1, 0.1, 700, 166.8, 0.449]"
0.449,1095.0,1.0,0.14756116325588553,0.0,150.0,"[90, 10, 50, 50, 1, 0.1, 700, 166.8, 0.449]"
0.449,1095.0,1.0,0.08514881865602945,0.0,150.0,"[90, 10, 50, 50, 1, 0.1, 700, 166.8, 0.449]"
0.449,1095.0,2.0,0.22998322403538204,10.0,140.0,"[90, 10, 50, 50, 1, 0.1, 700, 166.8, 0.449]"
0.449,1095.0,1.0,0.17190133292477403,0.0,150.0,"[90, 10, 50, 50, 1, 0.1, 700, 166.8, 0.449]"
0.449,1095.0,1.0,0.06854961832061068,0.0,150.0,"[90, 10, 50, 50, 1, 0.1, 700, 166.8, 0.449]"
0.449,1095.0,1.0,0.04169872288044314,0.0,150.0,"[90, 10, 50, 50, 1, 0.1, 700, 166.8, 0.449]"
0.449,1095.0,1.0,0.17770301269307234,0.0,150.0,"[90, 10, 50, 50, 1, 0.1, 700, 166.8, 0.449]"
0.449,1095.0,1.0,0.11777334764606655,0.0,150.0,"[90, 10, 50, 50, 1, 0.1, 700, 166.8, 0.449]"
0.449,1095.0,1.0,0.028706672774469384,0.0,150.0,"[90, 10, 50, 50, 1, 0.1, 700, 166.8, 0.449]"
0.449,1095.0,2.0,0.6672777268560953,71.0,79.0,"[90, 10, 50, 50, 1, 0.1, 700, 166.8, 0.449]"
0.449,1095.0,1.0,0.08568362967504599,0.0,150.0,"[90, 10, 50, 50, 1, 0.1, 700, 166.8, 0.449]"
0.449,1095.0,1.0,0.10701275045537341,0.0,150.0,"[90, 10, 50, 50, 1, 0.1, 700, 166.8, 0.449]"
0.449,1095.0,1.0,0.08404907975460123,0.0,150.0,"[90, 10, 50, 50, 1, 0.1, 700, 166.8, 0.449]"
0.449,1095.0,2.0,0.29914268218003676,0.0,150.0,"[90, 10, 50, 50, 1, 0.1, 700, 166.8, 0.449]"
0.449,1095.0,1.0,0.05950741930549182,0.0,150.0,"[90, 10, 50, 50, 1, 0.1, 700, 166.8, 0.449]"
0.449,1095.0,1.0,0.02266115449395192,0.0,150.0,"[90, 10, 50, 50, 1, 0.1, 700, 166.8, 0.449]"
0.449,1095.0,1.0,0.06142769607843137,0.0,150.0,"[90, 10, 50, 50, 1, 0.1, 700, 166.8, 0.449]"
0.449,1095.0,1.0,0.19207738369415017,11.0,139.0,"[90, 10, 50, 50, 1, 0.1, 700, 166.8, 0.449]"
0.449,1095.0,1.0,0.15998771687394442,10.0,140.0,"[90, 10, 50, 50, 1, 0.1, 700, 166.8, 0.449]"
0.449,1095.0,1.0,0.13212710962444885,0.0,150.0,"[90, 10, 50, 50, 1, 0.1, 700, 166.8, 0.449]"
0.449,1095.0,1.0,0.11165568999846837,0.0,150.0,"[90, 10, 50, 50, 1, 0.1, 700, 166.8, 0.449]"
2.957,1095.0,2.0,0.2558032282859339,11.0,139.0,"[90, 10, 50, 50, 1, 0.1, 700, 166.8, 2.957]"
2.957,1095.0,2.0,0.28915847665847666,13.0,137.0,"[90, 10, 50, 50, 1, 0.1, 700, 166.8, 2.957]"
2.957,1095.0,1.0,0.1821942997241802,3.0,147.0,"[90, 10, 50, 50, 1, 0.1, 700, 166.8, 2.957]"
2.957,1095.0,2.0,0.2660212079299216,5.0,145.0,"[90, 10, 50, 50, 1, 0.1, 700, 166.8, 2.957]"
2.957,1095.0,1.0,0.13059416526653428,0.0,150.0,"[90, 10, 50, 50, 1, 0.1, 700, 166.8, 2.957]"
2.957,1095.0,1.0,0.09067198527155569,0.0,150.0,"[90, 10, 50, 50, 1, 0.1, 700, 166.8, 2.957]"
2.957,1095.0,1.0,0.02243737513447057,0.0,150.0,"[90, 10, 50, 50, 1, 0.1, 700, 166.8, 2.957]"
2.957,1095.0,2.0,0.3649456105408304,19.0,131.0,"[90, 10, 50, 50, 1, 0.1, 700, 166.8, 2.957]"
2.957,1095.0,1.0,0.027603128354546848,0.0,150.0,"[90, 10, 50, 50, 1, 0.1, 700, 166.8, 2.957]"
2.957,1095.0,1.0,0.053729071537290715,0.0,150.0,"[90, 10, 50, 50, 1, 0.1, 700, 166.8, 2.957]"
2.957,1095.0,1.0,0.21958320563898254,0.0,150.0,"[90, 10, 50, 50, 1, 0.1, 700, 166.8, 2.957]"
2.957,1095.0,2.0,0.3895108112252722,42.0,108.0,"[90, 10, 50, 50, 1, 0.1, 700, 166.8, 2.957]"
2.957,1095.0,1.0,0.1039360393603936,0.0,150.0,"[90, 10, 50, 50, 1, 0.1, 700, 166.8, 2.957]"
2.957,1095.0,1.0,0.2121119437222817,0.0,150.0,"[90, 10, 50, 50, 1, 0.1, 700, 166.8, 2.957]"
2.957,1095.0,1.0,0.10946111451316595,1.0,149.0,"[90, 10, 50, 50, 1, 0.1, 700, 166.8, 2.957]"
2.957,1095.0,2.0,0.4408651633686148,73.0,77.0,"[90, 10, 50, 50, 1, 0.1, 700, 166.8, 2.957]"
2.957,1095.0,1.0,0.035736102626756264,0.0,150.0,"[90, 10, 50, 50, 1, 0.1, 700, 166.8, 2.957]"
2.957,1095.0,1.0,0.021432945499081445,0.0,150.0,"[90, 10, 50, 50, 1, 0.1, 700, 166.8, 2.957]"
2.957,1095.0,1.0,0.07561869844179651,0.0,150.0,"[90, 10, 50, 50, 1, 0.1, 700, 166.8, 2.957]"
2.957,1095.0,2.0,0.3667074289208193,31.0,119.0,"[90, 10, 50, 50, 1, 0.1, 700, 166.8, 2.957]"
2.957,1095.0,1.0,0.0925982800982801,0.0,150.0,"[90, 10, 50, 50, 1, 0.1, 700, 166.8, 2.957]"
2.957,1095.0,2.0,0.3330275229357798,32.0,118.0,"[90, 10, 50, 50, 1, 0.1, 700, 166.8, 2.957]"
2.957,1095.0,1.0,0.13083969465648854,0.0,150.0,"[90, 10, 50, 50, 1, 0.1, 700, 166.8, 2.957]"
2.957,1095.0,1.0,0.14835164835164835,0.0,150.0,"[90, 10, 50, 50, 1, 0.1, 700, 166.8, 2.957]"
2.957,1095.0,1.0,0.08214177061149985,0.0,150.0,"[90, 10, 50, 50, 1, 0.1, 700, 166.8, 2.957]"
2.957,1095.0,1.0,0.01639093137254902,0.0,150.0,"[90, 10, 50, 50, 1, 0.1, 700, 166.8, 2.957]"
2.957,1095.0,1.0,0.038038496791934,0.0,150.0,"[90, 10, 50, 50, 1, 0.1, 700, 166.8, 2.957]"
2.957,1095.0,1.0,0.08878648233486944,0.0,150.0,"[90, 10, 50, 50, 1, 0.1, 700, 166.8, 2.957]"
2.957,1095.0,2.0,0.46498771498771496,5.0,145.0,"[90, 10, 50, 50, 1, 0.1, 700, 166.8, 2.957]"
2.957,1095.0,2.0,0.224524248004911,0.0,150.0,"[90, 10, 50, 50, 1, 0.1, 700, 166.8, 2.957]"
2.957,1095.0,1.0,0.031077770973668095,0.0,150.0,"[90, 10, 50, 50, 1, 0.1, 700, 166.8, 2.957]"
2.957,1095.0,1.0,0.10196560196560196,0.0,150.0,"[90, 10, 50, 50, 1, 0.1, 700, 166.8, 2.957]"
2.957,1095.0,1.0,0.03933272115090297,0.0,150.0,"[90, 10, 50, 50, 1, 0.1, 700, 166.8, 2.957]"
2.957,1095.0,1.0,0.15073359073359074,29.0,121.0,"[90, 10, 50, 50, 1, 0.1, 700, 166.8, 2.957]"
2.957,1095.0,1.0,0.06701426161631652,0.0,150.0,"[90, 10, 50, 50, 1, 0.1, 700, 166.8, 2.957]"
2.957,1095.0,1.0,0.03996311097448509,0.0,150.0,"[90, 10, 50, 50, 1, 0.1, 700, 166.8, 2.957]"
4.668,1095.0,1.0,0.06445192896509491,0.0,150.0,"[90, 10, 50, 50, 1, 0.1, 700, 166.8, 4.668]"
4.668,1095.0,1.0,0.08937863483318029,5.0,145.0,"[90, 10, 50, 50, 1, 0.1, 700, 166.8, 4.668]"
4.668,1095.0,1.0,0.047955733169382106,0.0,150.0,"[90, 10, 50, 50, 1, 0.1, 700, 166.8, 4.668]"
4.668,1095.0,1.0,0.028322106552357625,22.0,128.0,"[90, 10, 50, 50, 1, 0.1, 700, 166.8, 4.668]"
4.668,1095.0,1.0,0.06785112574666871,3.0,147.0,"[90, 10, 50, 50, 1, 0.1, 700, 166.8, 4.668]"
4.668,1095.0,1.0,0.025179307187547687,0.0,150.0,"[90, 10, 50, 50, 1, 0.1, 700, 166.8, 4.668]"
4.668,1095.0,1.0,0.13123279290302844,15.0,135.0,"[90, 10, 50, 50, 1, 0.1, 700, 166.8, 4.668]"
4.668,1095.0,1.0,0.047004608294930875,0.0,150.0,"[90, 10, 50, 50, 1, 0.1, 700, 166.8, 4.668]"
4.668,1095.0,1.0,0.0559025133282559,0.0,150.0,"[90, 10, 50, 50, 1, 0.1, 700, 166.8, 4.668]"
4.668,1095.0,1.0,0.05356325347169236,0.0,150.0,"[90, 10, 50, 50, 1, 0.1, 700, 166.8, 4.668]"
4.668,1095.0,1.0,0.03002450980392157,59.0,91.0,"[90, 10, 50, 50, 1, 0.1, 700, 166.8, 4.668]"
4.668,1095.0,1.0,0.09432234432234432,5.0,145.0,"[90, 10, 50, 50, 1, 0.1, 700, 166.8, 4.668]"
4.668,1095.0,1.0,0.03924888410035401,0.0,150.0,"[90, 10, 50, 50, 1, 0.1, 700, 166.8, 4.668]"
4.668,1095.0,1.0,0.02799138726545678,0.0,150.0,"[90, 10, 50, 50, 1, 0.1, 700, 166.8, 4.668]"
4.668,1095.0,1.0,0.03607614369051274,0.0,150.0,"[90, 10, 50, 50, 1, 0.1, 700, 166.8, 4.668]"
4.668,1095.0,1.0,0.023248699908228816,0.0,150.0,"[90, 10, 50, 50, 1, 0.1, 700, 166.8, 4.668]"
4.668,1095.0,1.0,0.1336094493020402,4.0,146.0,"[90, 10, 50, 50, 1, 0.1, 700, 166.8, 4.668]"
4.668,1095.0,1.0,0.01756798044607394,0.0,150.0,"[90, 10, 50, 50, 1, 0.1, 700, 166.8, 4.668]"
4.668,1095.0,1.0,0.03373015873015873,0.0,150.0,"[90, 10, 50, 50, 1, 0.1, 700, 166.8, 4.668]"
4.668,1095.0,1.0,0.056802565277141545,4.0,146.0,"[90, 10, 50, 50, 1, 0.1, 700, 166.8, 4.668]"
4.668,1095.0,1.0,0.041717980295566504,0.0,150.0,"[90, 10, 50, 50, 1, 0.1, 700, 166.8, 4.668]"
4.668,1095.0,2.0,0.2143840856924254,21.0,129.0,"[90, 10, 50, 50, 1, 0.1, 700, 166.8, 4.668]"
4.668,1095.0,1.0,0.02276923076923077,0.0,150.0,"[90, 10, 50, 50, 1, 0.1, 700, 166.8, 4.668]"
4.668,1095.0,1.0,0.04387708301482954,0.0,150.0,"[90, 10, 50, 50, 1, 0.1, 700, 166.8, 4.668]"
4.668,1095.0,1.0,0.019251501617126136,0.0,150.0,"[90, 10, 50, 50, 1, 0.1, 700, 166.8, 4.668]"
4.668,1095.0,1.0,0.05136461208218338,0.0,150.0,"[90, 10, 50, 50, 1, 0.1, 700, 166.8, 4.668]"
4.668,1095.0,1.0,0.02294072363356428,0.0,150.0,"[90, 10, 50, 50, 1, 0.1, 700, 166.8, 4.668]"
4.668,1095.0,1.0,0.024199724306938276,0.0,150.0,"[90, 10, 50, 50, 1, 0.1, 700, 166.8, 4.668]"
4.668,1095.0,1.0,0.02504581551618815,0.0,150.0,"[90, 10, 50, 50, 1, 0.1, 700, 166.8, 4.668]"
4.668,1095.0,1.0,0.019301470588235295,0.0,150.0,"[90, 10, 50, 50, 1, 0.1, 700, 166.8, 4.668]"
4.668,1095.0,1.0,0.03306166384745502,0.0,150.0,"[90, 10, 50, 50, 1, 0.1, 700, 166.8, 4.668]"
4.668,1095.0,1.0,0.06088957055214724,4.0,146.0,"[90, 10, 50, 50, 1, 0.1, 700, 166.8, 4.668]"
4.668,1095.0,1.0,0.02645339895416795,0.0,150.0,"[90, 10, 50, 50, 1, 0.1, 700, 166.8, 4.668]"
4.668,1095.0,2.0,0.24320589590050667,78.0,72.0,"[90, 10, 50, 50, 1, 0.1, 700, 166.8, 4.668]"
4.668,1095.0,1.0,0.015598715399908243,0.0,150.0,"[90, 10, 50, 50, 1, 0.1, 700, 166.8, 4.668]"
4.668,1095.0,2.0,0.2268057046465266,39.0,111.0,"[90, 10, 50, 50, 1, 0.1, 700, 166.8, 4.668]"
1.266,1095.0,1.0,0.180490031958606,0.0,150.0,"[90, 10, 50, 50, 1, 0.1, 700, 166.8, 1.266]"
1.266,1095.0,1.0,0.16671793294370962,0.0,150.0,"[90, 10, 50, 50, 1, 0.1, 700, 166.8, 1.266]"
1.266,1095.0,2.0,0.34469060351413294,11.0,139.0,"[90, 10, 50, 50, 1, 0.1, 700, 166.8, 1.266]"
1.266,1095.0,2.0,0.3546609520893923,9.0,141.0,"[90, 10, 50, 50, 1, 0.1, 700, 166.8, 1.266]"
1.266,1095.0,1.0,0.07885802469135803,0.0,150.0,"[90, 10, 50, 50, 1, 0.1, 700, 166.8, 1.266]"
1.266,1095.0,2.0,0.5037490436113237,60.0,90.0,"[90, 10, 50, 50, 1, 0.1, 700, 166.8, 1.266]"
1.266,1095.0,1.0,0.031852986217457885,0.0,150.0,"[90, 10, 50, 50, 1, 0.1, 700, 166.8, 1.266]"
1.266,1095.0,1.0,0.025179307187547687,0.0,150.0,"[90, 10, 50, 50, 1, 0.1, 700, 166.8, 1.266]"
1.266,1095.0,1.0,0.023291449586270302,0.0,150.0,"[90, 10, 50, 50, 1, 0.1, 700, 166.8, 1.266]"
1.266,1095.0,1.0,0.09824024483550114,0.0,150.0,"[90, 10, 50, 50, 1, 0.1, 700, 166.8, 1.266]"
1.266,1095.0,1.0,0.10055180870631514,0.0,150.0,"[90, 10, 50, 50, 1, 0.1, 700, 166.8, 1.266]"
1.266,1095.0,2.0,0.45881270133456054,8.0,142.0,"[90, 10, 50, 50, 1, 0.1, 700, 166.8, 1.266]"
1.266,1095.0,1.0,0.200305576776165,0.0,150.0,"[90, 10, 50, 50, 1, 0.1, 700, 166.8, 1.266]"
1.266,1095.0,1.0,0.04975505205143907,0.0,150.0,"[90, 10, 50, 50, 1, 0.1, 700, 166.8, 1.266]"
1.266,1095.0,2.0,0.32174715472162413,0.0,150.0,"[90, 10, 50, 50, 1, 0.1, 700, 166.8, 1.266]"
1.266,1095.0,1.0,0.04463598583961829,0.0,150.0,"[90, 10, 50, 50, 1, 0.1, 700, 166.8, 1.266]"
1.266,1095.0,1.0,0.10692978430472694,0.0,150.0,"[90, 10, 50, 50, 1, 0.1, 700, 166.8, 1.266]"
1.266,1095.0,2.0,0.3568920775454129,30.0,120.0,"[90, 10, 50, 50, 1, 0.1, 700, 166.8, 1.266]"
1.266,1095.0,2.0,0.5539050535987748,88.0,62.0,"[90, 10, 50, 50, 1, 0.1, 700, 166.8, 1.266]"
1.266,1095.0,1.0,0.13051442527858342,0.0,150.0,"[90, 10, 50, 50, 1, 0.1, 700, 166.8, 1.266]"
1.266,1095.0,1.0,0.144918636782315,0.0,150.0,"[90, 10, 50, 50, 1, 0.1, 700, 166.8, 1.266]"
1.266,1095.0,1.0,0.06875383670963782,0.0,150.0,"[90, 10, 50, 50, 1, 0.1, 700, 166.8, 1.266]"
1.266,1095.0,1.0,0.1873181191606678,0.0,150.0,"[90, 10, 50, 50, 1, 0.1, 700, 166.8, 1.266]"
1.266,1095.0,1.0,0.08064024390243903,0.0,150.0,"[90, 10, 50, 50, 1, 0.1, 700, 166.8, 1.266]"
1.266,1095.0,2.0,0.39815809669992325,60.0,90.0,"[90, 10, 50, 50, 1, 0.1, 700, 166.8, 1.266]"
1.266,1095.0,2.0,0.38218697575110566,32.0,118.0,"[90, 10, 50, 50, 1, 0.1, 700, 166.8, 1.266]"
1.266,1095.0,1.0,0.12839694656488548,0.0,150.0,"[90, 10, 50, 50, 1, 0.1, 700, 166.8, 1.266]"
1.266,1095.0,1.0,0.0463515374024782,0.0,150.0,"[90, 10, 50, 50, 1, 0.1, 700, 166.8, 1.266]"
1.266,1095.0,2.0,0.4434569414649096,85.0,65.0,"[90, 10, 50, 50, 1, 0.1, 700, 166.8, 1.266]"
1.266,1095.0,2.0,0.3170843520782396,4.0,146.0,"[90, 10, 50, 50, 1, 0.1, 700, 166.8, 1.266]"
1.266,1095.0,1.0,0.0592946249807485,0.0,150.0,"[90, 10, 50, 50, 1, 0.1, 700, 166.8, 1.266]"
1.266,1095.0,1.0,0.04998466727997547,0.0,150.0,"[90, 10, 50, 50, 1, 0.1, 700, 166.8, 1.266]"
1.266,1095.0,2.0,0.23169984686064318,0.0,150.0,"[90, 10, 50, 50, 1, 0.1, 700, 166.8, 1.266]"
1.266,1095.0,1.0,0.16018306636155608,0.0,150.0,"[90, 10, 50, 50, 1, 0.1, 700, 166.8, 1.266]"
1.266,1095.0,2.0,0.4619722603261698,16.0,134.0,"[90, 10, 50, 50, 1, 0.1, 700, 166.8, 1.266]"
1.266,1095.0,1.0,0.028771502511797838,0.0,150.0,"[90, 10, 50, 50, 1, 0.1, 700, 166.8, 1.266]"
0.008,1095.0,1.0,0.06628066433033673,0.0,150.0,"[90, 10, 50, 50, 1, 0.1, 700, 166.8, 0.008]"
0.008,1095.0,1.0,0.10695105109713059,0.0,150.0,"[90, 10, 50, 50, 1, 0.1, 700, 166.8, 0.008]"
0.008,1095.0,1.0,0.1331693064739351,0.0,150.0,"[90, 10, 50, 50, 1, 0.1, 700, 166.8, 0.008]"
0.008,1095.0,2.0,0.25110670126698215,0.0,150.0,"[90, 10, 50, 50, 1, 0.1, 700, 166.8, 0.008]"
0.008,1095.0,1.0,0.20803311359803772,0.0,150.0,"[90, 10, 50, 50, 1, 0.1, 700, 166.8, 0.008]"
0.008,1095.0,2.0,0.3016358354991592,0.0,150.0,"[90, 10, 50, 50, 1, 0.1, 700, 166.8, 0.008]"
0.008,1095.0,2.0,0.23148714810281518,56.0,94.0,"[90, 10, 50, 50, 1, 0.1, 700, 166.8, 0.008]"
0.008,1095.0,1.0,0.0783438510081576,0.0,150.0,"[90, 10, 50, 50, 1, 0.1, 700, 166.8, 0.008]"
0.008,1095.0,1.0,0.02054584483287335,0.0,150.0,"[90, 10, 50, 50, 1, 0.1, 700, 166.8, 0.008]"
0.008,1095.0,1.0,0.15863761890150352,0.0,150.0,"[90, 10, 50, 50, 1, 0.1, 700, 166.8, 0.008]"
0.008,1095.0,1.0,0.07901234567901234,0.0,150.0,"[90, 10, 50, 50, 1, 0.1, 700, 166.8, 0.008]"
0.008,1095.0,1.0,0.10051940116101436,0.0,150.0,"[90, 10, 50, 50, 1, 0.1, 700, 166.8, 0.008]"
0.008,1095.0,1.0,0.08991867423661194,0.0,150.0,"[90, 10, 50, 50, 1, 0.1, 700, 166.8, 0.008]"
0.008,1095.0,2.0,0.3089021224614445,23.0,127.0,"[90, 10, 50, 50, 1, 0.1, 700, 166.8, 0.008]"
0.008,1095.0,1.0,0.14421020470516346,0.0,150.0,"[90, 10, 50, 50, 1, 0.1, 700, 166.8, 0.008]"
0.008,1095.0,2.0,0.3924591665394596,64.0,86.0,"[90, 10, 50, 50, 1, 0.1, 700, 166.8, 0.008]"
0.008,1095.0,1.0,0.044543088933108835,0.0,150.0,"[90, 10, 50, 50, 1, 0.1, 700, 166.8, 0.008]"
0.008,1095.0,2.0,0.4856225145304374,53.0,97.0,"[90, 10, 50, 50, 1, 0.1, 700, 166.8, 0.008]"
0.008,1095.0,1.0,0.20261437908496732,0.0,150.0,"[90, 10, 50, 50, 1, 0.1, 700, 166.8, 0.008]"
0.008,1095.0,1.0,0.1194372228169445,0.0,150.0,"[90, 10, 50, 50, 1, 0.1, 700, 166.8, 0.008]"
0.008,1095.0,2.0,0.2092101250381214,0.0,150.0,"[90, 10, 50, 50, 1, 0.1, 700, 166.8, 0.008]"
0.008,1095.0,1.0,0.07477064220183487,0.0,150.0,"[90, 10, 50, 50, 1, 0.1, 700, 166.8, 0.008]"
0.008,1095.0,1.0,0.16901193025390027,0.0,150.0,"[90, 10, 50, 50, 1, 0.1, 700, 166.8, 0.008]"
0.008,1095.0,1.0,0.03550568705810021,0.0,150.0,"[90, 10, 50, 50, 1, 0.1, 700, 166.8, 0.008]"
0.008,1095.0,2.0,0.3228418640183346,4.0,146.0,"[90, 10, 50, 50, 1, 0.1, 700, 166.8, 0.008]"
0.008,1095.0,1.0,0.033825338253382534,0.0,150.0,"[90, 10, 50, 50, 1, 0.1, 700, 166.8, 0.008]"
0.008,1095.0,1.0,0.14298921417565486,0.0,150.0,"[90, 10, 50, 50, 1, 0.1, 700, 166.8, 0.008]"
0.008,1095.0,1.0,0.05078303177740611,0.0,150.0,"[90, 10, 50, 50, 1, 0.1, 700, 166.8, 0.008]"
0.008,1095.0,1.0,0.1589028501379099,0.0,150.0,"[90, 10, 50, 50, 1, 0.1, 700, 166.8, 0.008]"
0.008,1095.0,2.0,0.4665544160416348,27.0,123.0,"[90, 10, 50, 50, 1, 0.1, 700, 166.8, 0.008]"
0.008,1095.0,1.0,0.09114583333333333,0.0,150.0,"[90, 10, 50, 50, 1, 0.1, 700, 166.8, 0.008]"
0.008,1095.0,1.0,0.07365525672371638,0.0,150.0,"[90, 10, 50, 50, 1, 0.1, 700, 166.8, 0.008]"
0.008,1095.0,1.0,0.07759680393362016,0.0,150.0,"[90, 10, 50, 50, 1, 0.1, 700, 166.8, 0.008]"
0.008,1095.0,1.0,0.18775885872066267,0.0,150.0,"[90, 10, 50, 50, 1, 0.1, 700, 166.8, 0.008]"
0.008,1095.0,2.0,0.2709677419354839,14.0,136.0,"[90, 10, 50, 50, 1, 0.1, 700, 166.8, 0.008]"
0.008,1095.0,1.0,0.019634913330265378,0.0,150.0,"[90, 10, 50, 50, 1, 0.1, 700, 166.8, 0.008]"
4.475,1095.0,1.0,0.037025656782915965,0.0,150.0,"[90, 10, 50, 50, 1, 0.1, 700, 166.8, 4.475]"
4.475,1095.0,1.0,0.008872571515985927,0.0,150.0,"[90, 10, 50, 50, 1, 0.1, 700, 166.8, 4.475]"
4.475,1095.0,1.0,0.05308245372495028,5.0,145.0,"[90, 10, 50, 50, 1, 0.1, 700, 166.8, 4.475]"
4.475,1095.0,1.0,0.028422982885085574,0.0,150.0,"[90, 10, 50, 50, 1, 0.1, 700, 166.8, 4.475]"
4.475,1095.0,2.0,0.34409424724602206,103.0,47.0,"[90, 10, 50, 50, 1, 0.1, 700, 166.8, 4.475]"
4.475,1095.0,1.0,0.016446357208730403,0.0,150.0,"[90, 10, 50, 50, 1, 0.1, 700, 166.8, 4.475]"
4.475,1095.0,2.0,0.22278364722094626,55.0,95.0,"[90, 10, 50, 50, 1, 0.1, 700, 166.8, 4.475]"
4.475,1095.0,1.0,0.04476015887564925,0.0,150.0,"[90, 10, 50, 50, 1, 0.1, 700, 166.8, 4.475]"
4.475,1095.0,1.0,0.05758039816232772,0.0,150.0,"[90, 10, 50, 50, 1, 0.1, 700, 166.8, 4.475]"
4.475,1095.0,1.0,0.010531135531135532,25.0,125.0,"[90, 10, 50, 50, 1, 0.1, 700, 166.8, 4.475]"
4.475,1095.0,2.0,0.23713235294117646,18.0,132.0,"[90, 10, 50, 50, 1, 0.1, 700, 166.8, 4.475]"
4.475,1095.0,1.0,0.029978586723768737,0.0,150.0,"[90, 10, 50, 50, 1, 0.1, 700, 166.8, 4.475]"
4.475,1095.0,1.0,0.03657230298393267,0.0,150.0,"[90, 10, 50, 50, 1, 0.1, 700, 166.8, 4.475]"
4.475,1095.0,1.0,0.045287073994473445,0.0,150.0,"[90, 10, 50, 50, 1, 0.1, 700, 166.8, 4.475]"
4.475,1095.0,1.0,0.051600061246363495,0.0,150.0,"[90, 10, 50, 50, 1, 0.1, 700, 166.8, 4.475]"
4.475,1095.0,1.0,0.06114338122898196,0.0,150.0,"[90, 10, 50, 50, 1, 0.1, 700, 166.8, 4.475]"
4.475,1095.0,1.0,0.02809765085214187,0.0,150.0,"[90, 10, 50, 50, 1, 0.1, 700, 166.8, 4.475]"
4.475,1095.0,1.0,0.02775236352546508,0.0,150.0,"[90, 10, 50, 50, 1, 0.1, 700, 166.8, 4.475]"
4.475,1095.0,1.0,0.045205479452054796,0.0,150.0,"[90, 10, 50, 50, 1, 0.1, 700, 166.8, 4.475]"
4.475,1095.0,1.0,0.012427124884934028,0.0,150.0,"[90, 10, 50, 50, 1, 0.1, 700, 166.8, 4.475]"
4.475,1095.0,1.0,0.01612167300380228,0.0,150.0,"[90, 10, 50, 50, 1, 0.1, 700, 166.8, 4.475]"
4.475,1095.0,1.0,0.1677132792158064,20.0,130.0,"[90, 10, 50, 50, 1, 0.1, 700, 166.8, 4.475]"
4.475,1095.0,1.0,0.03472540920911733,0.0,150.0,"[90, 10, 50, 50, 1, 0.1, 700, 166.8, 4.475]"
4.475,1095.0,1.0,0.05098280098280098,53.0,97.0,"[90, 10, 50, 50, 1, 0.1, 700, 166.8, 4.475]"
4.475,1095.0,1.0,0.04885893705008424,0.0,150.0,"[90, 10, 50, 50, 1, 0.1, 700, 166.8, 4.475]"
4.475,1095.0,1.0,0.028580162005196395,0.0,150.0,"[90, 10, 50, 50, 1, 0.1, 700, 166.8, 4.475]"
4.475,1095.0,2.0,0.3426905967172879,146.0,4.0,"[90, 10, 50, 50, 1, 0.1, 700, 166.8, 4.475]"
4.475,1095.0,2.0,0.30358785648574055,74.0,76.0,"[90, 10, 50, 50, 1, 0.1, 700, 166.8, 4.475]"
4.475,1095.0,1.0,0.01924545593401558,0.0,150.0,"[90, 10, 50, 50, 1, 0.1, 700, 166.8, 4.475]"
4.475,1095.0,1.0,0.10450725744843392,12.0,138.0,"[90, 10, 50, 50, 1, 0.1, 700, 166.8, 4.475]"
4.475,1095.0,1.0,0.0872627066748316,0.0,150.0,"[90, 10, 50, 50, 1, 0.1, 700, 166.8, 4.475]"
4.475,1095.0,1.0,0.06858102947915076,11.0,139.0,"[90, 10, 50, 50, 1, 0.1, 700, 166.8, 4.475]"
4.475,1095.0,1.0,0.04350490196078431,0.0,150.0,"[90, 10, 50, 50, 1, 0.1, 700, 166.8, 4.475]"
4.475,1095.0,1.0,0.014694627276901883,0.0,150.0,"[90, 10, 50, 50, 1, 0.1, 700, 166.8, 4.475]"
4.475,1095.0,1.0,0.10110463332310525,0.0,150.0,"[90, 10, 50, 50, 1, 0.1, 700, 166.8, 4.475]"
4.475,1095.0,1.0,0.033369049441298024,0.0,150.0,"[90, 10, 50, 50, 1, 0.1, 700, 166.8, 4.475]"
